{"Rushmore": 3.7469999999999999, "Spinal Tap": 3.996, "Groundhog Day": 3.0, "Jaws": 2.7509999999999999}