{"The Godfather": 3.4980000000000002, "Jaws": 3.0, "Grease": 2.2530000000000001, "Toy Story": 3.2490000000000001, "2001: A Space Odyssey": 3.0}